,id.videoId,snippet.title,BATB,viewCount,likeCount,dislikeCount
0,Q0IFt9SsHk8,Best of Battle at The Berrics: Highlights - BATB1,1,28461,172,1
1,eGTsIL-xJB8,Mike Mo Capaldi Vs Furby: BATB1 - Round 1,1,55319,424,3
2,3lqNen-Qccw,Brandon Biebel Vs Nick McLouth: BATB1 - Round 1,1,15620,134,0
3,YX7Vr0QUedk,Marc Johnson Vs Johnny Layton: BATB1 - Round 2,1,11374,67,0
4,EwcnZDzs4BI,Benny Fairfax Vs PJ Ladd: BATB1 - Finals,1,25665,209,1
5,JeS0KhgBTPg,Mike Mo Capaldi Vs Billy Marks: BATB1 - Finals,1,26331,238,2
6,P-a7pyXL12M,Daniel Castillo Vs Andrew Reynolds: BATB1 - Round 1,1,17419,127,2
7,duSN0KHFK44,Arto Saari Vs Chico Brenes: BATB1 - Round 1,1,31859,196,2
8,mjuS0Mwt5pA,Billy Marks Vs Brandon Biebel: BATB1 - Round 2,1,11943,75,2
9,GeY9yQjN05c,Mike Carroll Vs Mike Mo Capaldi: BATB1 - Round 3,1,20360,121,2
10,lCwIIcbNUDc,Marc Johnson Vs Chris Roberts and The Legion of Doom: BATB1 - Round 1,1,47945,527,4
11,fwZ7sUXKSBo,Steve Berra Vs Chris Roberts: BATB1 - Round 1,1,62266,441,5
12,wGSotlk4uQc,Sean Malto Vs Donovan Strain: BATB1 - Round 1,1,85808,764,11
13,EmQyQ-RgtA8,Joey Brezinski Vs Chad Tim Tim: BATB1 - Round 1,1,17240,130,1
14,EG55_X4U8E8,PJ Ladd Vs Tyler Bledsoe: BATB1 - Round 1,1,14741,96,2
15,ptn2v4gs6YM,PJ Ladd Vs Eric Koston: BATB1 - Round 3,1,29017,171,2
16,QC1aI707y3E,Clint Peterson Vs Paul Shier: BATB1 - Round 1,1,13484,110,1
17,vDnyaU0eX-U,Benny Fairfax Vs Erik Ellington: BATB1 - Round 3,1,10594,78,2
18,T7hRpU2a8WQ,Jeron Wilson Vs Mike Carroll: BATB1 - Round 1,1,16712,94,2
19,MPnNijJ0cfA,Erik Ellington Vs Jimmy Cao: BATB1 - Round 2,1,8306,65,2
20,oD8FxxslG-Y,Paul Shier Vs Benny Fairfax: BATB1 - Round 2,1,6199,54,0
21,rVNZxVhcmDs,Mike Mo Capaldi Vs Benny Fairfax: BATB1 - Championship Battle,1,78483,539,4
22,nOCxC08-bZ0,Jimmy Cao Vs Bryan Herman: BATB1 - Round 1,1,26832,133,3
23,yG5fXcCwOlk,Joey Brezinski Vs Mike Carroll: BATB1 - Round 2,1,30607,297,7
24,POQaDcvhpTs,Billy Marks Vs Danny Supa: BATB1 - Round 1,1,15688,110,1
25,6UTl5_AG954,PJ Ladd Vs Andrew Reynolds: BATB1 - Round 2,1,45434,229,4
26,lWeiGaQQV2g,Eric Koston Vs Rob Dyrdek: BATB1 - Round 1,1,227924,1267,23
27,r8O11Pgw4FU,Billy Marks Vs Johnny Layton: BATB1 - Round 3,1,7383,57,2
28,yG35K0UE01k,Mikey Taylor Vs Benny Fairfax: BATB1 - Round 1,1,16930,114,0
29,WwjZzIuJLwo,Erik Ellington Vs Danny Montoya: BATB1 - Round 1,1,16123,87,3
30,gJCBEDIzRZg,Eric Koston Vs Donovan Strain: BATB1 - Round 2,1,28924,170,3
31,s3mzDwF2Za4,Chico Brenes Vs Mike Mo Capaldi: BATB1 - Round 2,1,8450,58,0
32,NfANQsgqKUo,Billy Marks Vs PJ Ladd: BATB1 - 3rd Place Battle,1,11286,99,0
0,Ukeoel-QILE,Best of Battle at The Berrics 2: Highlights - BATB2,2,11095,81,3
1,rsHhHfhd4D0,Paul Rodriguez Vs Kelly Hart: BATB2 - Round 1,2,9099,73,0
2,-iHxLBR--I4,Mark Appleyard Vs Ben Gore: BATB2 - Round 1,2,6036,39,0
3,rI0EMZrxhhk,Cory Kennedy Vs Paul Rodriguez: BATB2 - Finals,2,16369,98,1
4,8732zVk_FrE,Stefan Janoski Vs Peter Ramondetta: BATB2 - Round 1,2,14251,78,2
5,bt9STPA_kUg,Peter Ramondetta Vs Mark Appleyard: BATB2 - Round 2,2,5705,25,0
6,lYqbu0gpCvE,Nick Trapasso Vs Danny Garcia: BATB2 - Round 1,2,8425,47,1
7,Jiqn0p2AV8s,Torey Pudwill Vs Jimmy Carlin: BATB2 - Round 1,2,12225,97,1
8,8ux-NRb3658,Josiah Gatlyn Vs Cesar Fernandez: BATB2 - Round 2,2,4217,26,0
9,DaHVu_Z60fI,Cory Kennedy Vs Peter Ramondetta: BATB2 - Round 3,2,5191,43,0
10,yHHrrtd5kd8,Chris Haslam Vs David Gonzalez: BATB2 - Round 1,2,38538,213,0
11,Ahswb5RLa04,Cory Kennedy Vs Josh Kalis: BATB2 - Round 1,2,10883,60,0
12,TVlIU01BNHo,Torey Pudwill Vs Josiah Gatlyn: BATB2 - Round 3,2,9470,78,0
13,6pqxcyM2zbQ,Heath Kirchart Vs Chris Cole: BATB2 - Round 3,2,8786,48,2
14,yeQvAQvtWxY,Lucas Puig Vs Greg Lutzka: BATB2 - Round 1,2,11879,74,0
15,nT33lECC_3Q,Cairo Foster Vs Josiah Gatlyn: BATB2 - Round 1,2,6609,47,0
16,TdMXac9CGQY,Heath Kirchart Vs Rick Howard: BATB2 - Round 2,2,6853,31,1
17,40HS1pUewBA,Dennis Busenitz Vs Jamie Thomas: BATB2 - Round 1,2,18406,84,1
18,5qt2NHcshF4,Torey Pudwill Vs Chris Cole: BATB2 - Finals,2,9843,101,0
19,zzxe7pCFfds,Cory Kennedy Vs Greg Lutzka: BATB2 - Round 2,2,7558,52,1
20,eyU9JutcRqA,Corey Duffel Vs Rick Howard: BATB2 - Round 1,2,19832,99,2
21,R_Absdq34C4,Chris Cole Vs Mike Vallely: BATB2 - Round 1,2,142399,1491,14
22,YzsJp8u8ytU,Guy Mariano Vs Cesar Fernandez: BATB2 - Round 1,2,9495,61,3
23,w6jSqSm6oeg,Heath Kirchart Vs Lizard King: BATB2 - Round 1,2,28341,139,2
24,AnGwIs9MtxA,Paul Rodriguez Vs Gilbert Crockett: BATB2 - Round 2,2,6514,48,0
25,64ZCqWpx93w,Kenny Anderson Vs Jerry Hsu: BATB2 - Round 1,2,27669,145,1
26,I53qCjASwks,Chris Cole Vs Dennis Busenitz: BATB2 - Round 2,2,69434,728,5
27,8Kl1ApE8CL8,Torey Pudwill Vs Cory Kennedy: BATB2 - 3rd Place Battle,2,20145,166,2
28,vPrGlcgt_JA,Gilbert Crockett Vs Kerry Getz: BATB2 - Round 1,2,12540,77,3
29,t9nKpo16wjo,Chris Cole Vs Paul Rodriguez: BATB2 - Championship Battle,2,192804,1567,26
30,WUj47G6gvKs,David Gonzalez Vs Torey Pudwill: BATB2 - Round 2,2,10782,85,0
31,FTjADrgLwhk,Paul Rodriguez Vs Danny Garcia: BATB2 - Round 3,2,5295,44,0
0,ocffN3P0TEo,Shane O'neill Vs Eric Koston | BATB3 - Throwback,3,39083,1406,4
1,PJ-sVeV54Yg,Best of Battle at The Berrics 3: Highlights - BATB3,3,9949,88,0
2,GgykIk9WGnw,Torey Pudwill Vs Marc Johnson: BATB3 - Round 2,3,14745,82,0
3,qHS3Cp63mX4,PJ Ladd Vs Cory Kennedy: BATB3 - Round 3,3,16614,87,0
4,6DhC8xwwvH0,Cory Kennedy Vs Jimmy Cao: BATB3 - Round 1,3,12144,78,0
5,qqXuV8bxQ10,Billy Marks Vs David Gonzalez: BATB3 - Round 1,3,16856,77,0
6,D6aOOZuZJXM,Mike Mo Capaldi Vs Peter Ramondetta: BATB3 - Round 1,3,8532,75,1
7,xRZjULW7aqY,Chris Cole Vs Joey Brezinski: BATB3 - Round 1,3,26859,221,4
8,3b7Wjlm_37A,Shane O'neill Vs Chris Cole: BATB3 - Round 3,3,43475,255,2
9,uAolAZta1hw,Shane O'neill Vs Gilbert Crockett: BATB3 - Round 1,3,14771,84,1
10,M8E_LwaRZ6U,Marc Johnson Vs Rick Howard: BATB3 - Round 1,3,29071,135,1
11,YtHl_g78so8,PJ Ladd Vs Benny Fairfax: BATB3 - Round 2,3,4763,25,1
12,6FlWSZ65Yck,PJ Ladd Vs Josiah Gatlyn: BATB3 - Round 1,3,8579,34,2
13,G0VTowb6hbc,Steve Berra Vs Heath Kirchart: BATB3 - Round 1,3,28698,130,3
14,ZOWHSnnQNXg,Paul Rodriguez Vs David Gonzalez: BATB3 - Round 3,3,24088,107,1
15,MS7OIzKL0FU,Mike Mo Capaldi Vs Torey Pudwill: BATB3 - Round 3,3,18308,169,3
16,9Vs0XPMzTds,Paul Rodriguez Vs Torey Pudwill: BATB3 - Finals,3,25971,149,2
17,maNSV3k-Ocs,Paul Rodriguez Vs Chico Brenes: BATB3 - Round 2,3,7027,42,1
18,axLaH9zvkRI,Mike Mo Capaldi Vs Mark Appleyard: BATB3 - Round 2,3,6183,32,1
19,rZIX-NsYmlI,Paul Rodriguez Vs Sean Malto: BATB3 - Round 1,3,45487,284,4
20,onLCnz77BXY,Chico Brenes Vs Dennis Busenitz: BATB3 - Round 1,3,7275,29,1
21,WI1Sd5ikwOc,Paul Rodriguez Vs PJ Ladd: BATB3 - Championship  Battle,3,116883,969,8
22,e-Fj-HHQf-8,Torey Pudwill vs Marty Murawski: BATB3 - Round 1,3,8294,52,1
23,EcpQLA3kOSk,Brandon Biebel Vs Mark Appleyard: BATB3 - Round 1,3,17857,82,4
24,LEecyEQ0Bh8,Eric Koston Vs Shane O'neill: BATB3 - Round 2,3,18519,164,3
25,8r83UjKi-L0,Shane O'neill Vs PJ Ladd: BATB3 - Finals,3,105788,653,7
26,eBNKhbhzYSk,Benny Fairfax Vs Cesar Fernandez: BATB3 - Round 1,3,6156,27,0
27,tqT9PoePNDU,Cory Kennedy Vs Kelly Hart: BATB3 - Round 2,3,7545,40,0
28,edvoZ867xMw,Kelly Hart Vs Erik Ellington: BATB3 - Round 1,3,11049,46,3
29,PfvuV-oPB1w,Johnny Layton Vs Danny Garcia: BATB3 - Round 1,3,6081,24,0
30,evuRkDCYyiI,Chris Cole Vs Johnny Layton: BATB3 - Round 2,3,5595,34,1
31,_RiBy06w4kc,David Gonzalez Vs Heath Kirchart: BATB3 - Round 2,3,14427,63,1
32,8t3WRoSPfeg,Eric Koston Vs Greg Lutzka: BATB3 - Round 1,3,9794,46,0
33,MrryWODC6Oo,Shane O'neill Vs Torey Pudwill: BATB3 - 3rd Place Battle,3,58084,493,8
0,zoicjOnTSgU,Shane O'neill Vs Ishod Wair | BATB4 - Throwback,4,37099,908,12
1,f2QiqU5eLww,Luan Oliveira Vs Torey Pudwill | BATB4 - Throwback,4,86338,3570,10
2,o3smMSgZ_6g,Best of Battle at The Berrics 4: Highlights - BATB4,4,22204,174,2
3,YGPLkIjym_A,Tom Asta Vs Alex Mizurov: BATB4 - Round 1,4,41146,245,0
4,9y21JM8EWkM,Ishod Wair Vs Shane O'neill: BATB4 - Round 1,4,35265,254,3
5,zSpPx5z0WL8,Chris Cole Vs Benny Fairfax: BATB4 - Round 2,4,14988,91,1
6,AIPxg5lEDr8,Ronnie Creager Vs Enrique Lorenzo: BATB4 - Round 1,4,9515,42,0
7,dl5-FeRV_mI,Mike Mo Capaldi Vs Lem Villemin: BATB4 - Round 1,4,26817,146,2
8,iypxDwduas8,Eric Koston Vs Dennis Busenitz: BATB4 - Round 2,4,58298,363,5
9,Mf-9zROHWKo,Peter Ramondetta Vs Rodrigo TX: BATB4 - Round 1,4,16820,110,2
10,fu8_zpzxtfw,Tommy Sandoval Vs Morgan Smith: BATB4 - Round 1,4,11024,55,1
11,lE4fbyna8Vs,Torey Pudwill Vs Luan Oliveira: BATB4 - Round 1,4,196204,1592,21
12,iZxajpwA09k,Chris Cole Vs Willow: BATB4 - Round 1,4,18953,93,1
13,M8yhQiHLnUg,Mike Mo Capaldi Vs Jimmy Carlin: BATB4 - Round 2,4,17690,117,3
14,C2ocUpTsAq8,Davis Torgerson Vs Sewa Kroetkov: BATB4 - Round 1,4,42434,318,5
15,rcgHIpuwffc,Jimmy Carlin Vs Felipe Gustavo: BATB4 - Round 1,4,65413,518,6
16,MSceqejNT2s,Paul Rodriguez Vs Danny Cerezini: BATB4 - Round 1,4,17014,118,2
17,kXeV_sGO_Ho,Eric Koston Vs Mark Appleyard: BATB4 - Round 1,4,23669,95,1
18,1KkjI2vdki8,PJ Ladd Vs Albert Nyberg: BATB4 - Round 1,4,23924,125,3
19,_qBSgth841U,Cory Kennedy Vs David Gonzalez: BATB4 - Round 1,4,39420,241,1
20,X2yYjxAl7DM,Billy Marks Vs Benny Fairfax: BATB4 - Round 1,4,29395,150,1
21,DIw7cwIdU94,Dennis Busenitz Vs Wade Desarmo: BATB4 - Round 1,4,46043,215,1
22,_Pp5WQWiNAA,Ronnie Creager Vs Cory Kennedy: BATB4 - Round 2,4,16035,88,3
23,W6lfFfgZtcs,Davis Torgerson Vs Shane O'neill: BATB4 - Round 2,4,42775,340,6
24,5JygzyiM3f0,Davis Torgerson Vs Ronnie Creager: BATB4 - Round 3,4,19562,116,2
25,vmXrTlA_c4E,Paul Rodriguez Vs Rodrigo TX: BATB4 - Round 2,4,87497,794,7
26,-GvHs5DGMYQ,Davis Torgerson Vs PJ Ladd: BATB4 - Finals,4,21045,121,2
27,iIvosZagjdU,Morgan Smith Vs PJ Ladd: BATB4 - Championship Battle,4,140754,998,10
28,QZj8p77LYqM,Chris Cole Vs PJ Ladd: BATB4 - Round 3,4,80648,455,6
29,U9HHPdoTVjw,Morgan Smith Vs Alex Mizurov: BATB4 - Round 2,4,28351,170,12
30,1VVVbPU0JAU,Rodrigo TX vs Morgan Smith: BATB4 - Round 3,4,26655,188,3
31,WxgXFXWPa6c,PJ Ladd Vs Luan Oliveira: BATB4 - Round 2,4,165318,1021,26
32,I5vovdq5z4o,Mike Mo Capaldi Vs Morgan Smith: BATB4 - Finals,4,30134,169,2
33,PaKlD9e7VC0,Davis Torgerson Vs Mike Mo Capaldi: BATB4 - 3rd Place Battle,4,14971,133,1
34,lbF6Q7tPzBA,Mike Mo Capaldi Vs Eric Koston: BATB4 - Round 3,4,25352,141,2
0,LqzNU8iSfkE,Best Of Battle at The Berrics 5: Highlights - BATB5,5,26721,159,2
1,1npfxcXSvP4,PJ Ladd Vs Ishod Wair: BATB5 - Finals,5,93487,469,10
2,ycvi1cKAE2c,Shane O'neill Vs Jimmy Carlin: BATB5 - Round 3,5,31251,180,5
3,zo2xGWFYeeg,Ronnie Creager Vs Mike Mo Capaldi: BATB5 - Round 2,5,13549,67,0
4,dLLV74msHN0,Ishod Wair Vs Morgan Smith: BATB5 - Round 3,5,24130,169,1
5,mhLxeuUy8aQ,PJ Ladd Vs Trent McClung: BATB5 - Round 2,5,38175,286,2
6,dOCfWc0Im6M,PJ Ladd Vs Manny Santiago: BATB5 - Round 1,5,23435,165,3
7,KCRNCrW5tmY,Torey Pudwill Vs Morgan Smith: BATB5 - Round 2,5,23083,155,3
8,PEGJxsvpc7M,Nyjah Huston and Mike Mo Capaldi: BATB5 - Round 3,5,92679,519,6
9,VXgc2yG651E,Shane O'neill Vs Mike Mo Capaldi: BATB5 - Finals,5,307113,1591,32
10,aFW16sjXtkw,Shane O'neill Vs Ishod Wair: BATB5 - 3rd Place Battle,5,98375,542,5
11,v1rtVBhc8Y8,Jimmy Carlin Vs Ryan Pearce: BATB5 - Round 2,5,18385,115,1
12,qDYt6OILiv8,Paul Rodriguez Vs PJ Ladd: BATB5 - Round 3,5,25136,152,4
13,qrURAO_RUAI,Mike Mo Capaldi Vs PJ Ladd: BATB5 - Championship Battle,5,220257,1113,18
14,12c2cXyXqu4,Sean Malto Vs Trent McClung: BATB5 - Round 1,5,71003,353,6
15,ekB_jSOPy54,Cory Kennedy Vs Matt Miller: BATB5 - Round 1,5,18139,75,0
16,BzliCefNukc,Ryan Pearce Vs Boo Johnson: BATB5 - Round 1,5,44039,266,4
17,B9FlrMRjILg,Cory Kennedy Vs Nyjah Huston: BATB5 - Round 2,5,40592,191,7
18,llbUrRCYhvA,Chris Cole Vs Billy Marks: BATB5 - Round 1,5,36031,363,1
19,jywjVowDmzg,Keelan Dadd Vs Tommy Fynn: BATB5 - Round 1,5,23853,130,2
20,1hFNX856E2A,Jimmy Carlin Vs Sebo Walker: BATB5 - Round 1,5,23239,126,0
21,Eus1T_0XM2c,Morgan Smith Vs Moose: BATB5 - Round 1,5,12395,68,0
22,HfAyQXH5Ks4,Tom Asta Vs Marquise Henry: BATB5 - Round 1,5,23810,131,2
23,97X9VM6gGuc,Chris Cole Vs Shane O'neill: BATB5 - Round 2,5,124551,904,4
24,6OUNERcavkw,Mike Mo Capaldi Vs Theotis Beasley: BATB5 - Round 1,5,33028,171,3
25,1H2rKQbnPpI,Nyjah Huston Vs Kevin Romar: BATB5 - Round 1,5,63171,316,6
26,FcAF4xpjjyI,Ishod Wair Vs Tommy Fynn: BATB5 - Round 2,5,18567,127,3
27,75e33hp_GyM,Ishod Wair Vs Felipe Gustavo: BATB5 - Round 1,5,17671,115,5
28,AcADjKENhY0,Shane O'neill Vs Ryan Decenzo: BATB5 - Round 1,5,51492,300,5
29,sVPrQOXVCNc,Torey Pudwill Vs Evan Smith: BATB5 - Round 1,5,55347,334,4
30,FMGmEXE7ip0,Paul Rodriguez Vs Davis Torgerson: BATB5 - Round 1,5,17049,119,0
31,lC2fl0DtlZs,Ronnie Creager Vs Nick Tucker: BATB5 - Round 1,5,30878,168,1
0,uXviWEWkaAo,Best Of Battle at The Berrics 6: Highlights - BATB6,6,65716,449,5
1,QLYpudiZjQA,Moose Vs PJ Ladd: BATB6 - Round 3,6,125059,1635,9
2,RX37gFaxNx4,Matt Miller Vs Paul Rodriguez: BATB6 - Round 1,6,37577,211,1
3,ZJ4tEkjLdQk,Shane O'neill Vs Mike Mo Capaldi: BATB6 - 3rd Place Battle,6,62425,425,5
4,tym_A9RB7Gg,Mike Mo Capaldi Vs Austyn Gillette: BATB6 - Round 1,6,37771,199,0
5,ukBP__lkTrU,PJ Ladd Vs Paul Rodriguez: BATB6 - Championship Battle,6,805039,6441,101
6,8uIweiIG1Jw,Shane O'neill Vs Paul Rodriguez: BATB6 - Finals,6,272135,1570,20
7,FM6JBHoqQVs,Tom Asta Vs PJ Ladd: BATB6 - Round 2,6,24042,118,1
8,fSUEh_HcCBo,Chris Cole Vs Mike Mo Capaldi: BATB6 - Round 3,6,75763,376,11
9,q6LBISSo0Ow,Moose Vs Chaz Ortiz: BATB6 - Round 2,6,58079,349,1
10,ffhCD9EA8hw,Morgan Smith Vs Eric Koston: BATB6 - Round 2,6,61987,712,3
11,Db3AohzLm7s,Shane O'neill Vs Eric Koston: BATB6 - Round 3,6,129037,672,10
12,S175BQgtZiw,Nick Tucker Vs Torey Pudwill: BATB6 - Round 1,6,80045,428,9
13,e0cq8xWaGwc,Eric Koston Vs Dennis Busenitz: BATB6 - Round 1,6,45260,256,4
14,QyoxnrVmn7c,Manny Santiago Vs Sewa Kroetkov: BATB6 - Round 1,6,53976,305,2
15,gddKGHxf1Qo,PJ Ladd Vs Mike Mo Capaldi: BATB6 - Finals,6,107540,514,8
16,qHMC80rPnsE,Chaz Ortiz Vs Brad Cromer: BATB6 - Round 1,6,41785,211,4
17,VVwAnyd6I9g,Chris Cole Vs Keelan Dadd: BATB6 - Round 1,6,38104,261,3
18,id7EXKSRyDc,Torey Pudwill Vs Chris Cole: BATB6 - Round 2,6,74334,437,4
19,Fz0HkReMr8o,Wes Kremer Vs Sewa Kroetkov: BATB6 - Round 2,6,72262,439,4
20,FDyDLJNeI20,Tom Asta Vs Johnny Layton: BATB6 - Round 1,6,54512,221,4
21,RxMKrBBvYt0,Billy Marks Vs Mike Mo Capaldi: BATB6 - Round 2,6,16319,78,1
22,IMm3B8etpEM,Shane O'neill Vs Nyjah Huston: BATB6 - Round 2,6,163183,1029,14
23,H4MEulcgUTc,Moose Vs Bastien Salabanzi: BATB6 - Round 1,6,59553,349,3
24,WpzZa7pChs4,Carlos Ribeiro Vs PJ Ladd: BATB6 - Round 1,6,25857,127,0
25,wI4N18EYyts,Shane O'neill Vs Jereme Rogers: BATB6 - Round 1,6,63619,290,5
26,amXm848UsaU,Sewa Kroetkov Vs Paul Rodriguez: BATB6 - Round 3,6,116371,729,8
27,DBH8PZB7pOk,Felipe Gustavo Vs Paul Rodriguez: BATB6 - Round 2,6,62351,409,2
28,hMFW1RXEEjw,Felipe Gustavo Vs David Gonzalez: BATB6 - Round 1,6,58937,389,5
29,vJ4SDYqQLc0,Nyjah Huston Vs Trent McClung: BATB6 - Round 1,6,81400,444,4
30,D_0g7DwcCF4,Billy Marks Vs Cory Kennedy: BATB6 - Round 1,6,22693,95,5
31,i8jPt6jHk98,Ishod Wair Vs Wes Kremer: BATB6 - Round 1,6,98397,632,4
32,Q7gHTZ3ORHI,Davis Torgerson Vs Morgan Smith: BATB6 - Round 1,6,20741,113,0
0,wFUskr7S3nY,BATB: Classic Moment - Cody Cepeda's BATB7 Cinderella Story,7,18875,562,12
1,7qLWTyCjDYo,BATB7: Finals - Different Perspective,7,68470,1018,8
2,Cp4MJQNlGx0,Luan Oliveira Vs Cody Cepeda: BATB7 - Championship Battle,7,1496567,13083,416
3,ytBM4Q-9yJk,Eric Koston Vs Sewa Kroetkov: BATB7 - 3rd Place Battle,7,232526,1735,63
4,twa_OeIXXCM,Cody Cepeda Vs Sewa Kroetkov: BATB7 - Finals,7,336666,1800,58
5,EOvLN0RCa4E,Eric Koston Vs Luan Oliveira: BATB7 - Finals,7,1493659,10022,107
6,43h9usgmW1I,Tom Asta Vs Cody Cepeda: BATB7 - Round 3,7,245352,1444,20
7,CX9-L3JARB4,Mike Mo Capaldi Vs Sewa Kroetkov: BATB7 - Round 3,7,369637,2232,28
8,nnce9Mq_TGs,Eric Koston Vs Nick Holt: BATB7 - Round 3,7,639479,4688,196
9,XvMrXVx1Kk0,Luan Oliveira Vs Moose: BATB7 - Round 3,7,1188288,7830,95
10,sCREGb5ej8Q,Shane O'neill Vs Cody Cepeda: BATB7 - Round 2,7,1036683,6885,120
11,lnFs4cmYqQ8,Luan Oliveira Vs Chris Chann: BATB7 - Round 2,7,1114403,8006,172
12,aNUy2Jc5xIE,Paul Rodriguez Vs Moose: BATB7 - Round 2,7,256381,1527,71
13,jY4sOprKjt8,Morgan Smith Vs Nick Holt: BATB7 - Round 2,7,253316,1837,12
14,K7-GHWAtBGg,Sewa Kroetkov Vs Will Fyock: BATB7 - Round 2,7,305692,2023,18
15,uMIOzzYk68k,Tom Asta Vs Eric Martinac: BATB7 - Round 2,7,84743,682,1
16,qNP76LyJGhA,Nyjah Huston Vs Mike Mo Capaldi: BATB7 - Round 2,7,1712121,10458,208
17,mUhzmj-q1LA,Eric Koston Vs Griffin Gass: BATB7 - Round 2,7,187821,1174,28
18,GJUGk0IFYAE,PJ Ladd Vs Nick Holt: BATB7 - Round 1,7,448788,3080,37
19,5FBq0NLtSpM,Shane O'neill Vs Cristian Vannella: BATB7 - Round 1,7,332249,2147,24
20,YxG4g8cH26Y,Sewa Kroetkov Vs Moses Adams: BATB7 - Round 1,7,187429,1711,10
21,QHOao3OVNhw,Weiger Van Wageningen Vs Griffin Gass: BATB7 - Round 1,7,74574,511,7
22,k0ykUg8NhHc,Nyjah Huston Vs Gavin Nolan: BATB7 - Round 1,7,435106,2575,54
23,YtGx9vk8qEw,Mike Mo Capaldi Vs Nate Principato: BATB7 - Round 1,7,110283,735,9
24,j3aXowlJwCc,Chaz Ortiz Vs Will Fyock: BATB7 - Round 1,7,416308,2195,17
25,Y3F3dYS9d_A,Paul Rodriguez Vs Jonny Giger: BATB7 - Round 1,7,1058971,8468,80
26,uTdIYtS9D5o,Luan Oliveira Vs Tanner Lawler: BATB7 - Round 1,7,757142,5544,36
27,qihCLfAZ0Rk,Albert Nyberg Vs Eric Martinac: BATB7 - Round 1,7,75151,436,5
28,3frXl7R86q8,Morgan Smith Vs Spencer Brown: BATB7 - Round 1,7,94661,641,4
29,WmEGHcNMBmQ,Tom Asta Vs Cody Whitt: BATB7 - Round 1,7,129349,915,9
30,r40REAFPR54,Chris Cole Vs Chris Chann: BATB7 - Round 1,7,1930796,20299,183
31,dQBj3EtPgWE,Moose Vs CJ Tambornino: BATB7 - Round 1,7,144962,882,8
32,8ElV5Z_JFRg,Eric Koston Vs Chhandy Khon: BATB7 - Round 1,7,228574,1373,12
33,bDaBZwAUbRc,Trent McClung Vs Cody Cepeda: BATB7 - Round 1,7,414676,3029,42
34,VDUZyzF1IEs,BATB7 - Presenting the Pros,7,117317,1104,8
35,6iOsp-STfIQ,BATB7: Cristian Vannella - Joe 13,7,32915,204,3
36,HM4IubzheEg,BATB7: Cody Whitt - Joe 12,7,18962,158,2
37,NmnvZYuLXxk,BATB7: Will Fyock - Joe 16,7,48754,286,4
38,TWm852i8ipY,BATB7: Griffin Gass - Joe 11,7,17916,99,0
39,eCUee9coh8I,BATB7: Moses Adams- Joe 15,7,23917,141,1
40,Hgz9FDVL72Y,BATB7: Jonny Giger - Joe 10,7,27740,215,2
41,fvh3HXQEqWE,BATB7: Nate Principato - Joe 14,7,19544,141,2
42,4z59KcP0wi8,BATB7: CJ Tambornino - Joe 09,7,21266,120,2
44,co288AE35_4,BATB7: Chris Chann - Joe 01,7,73890,428,7
45,gkcT5obfpNI,BATB7: Eric Martinac - Joe 07,7,15677,67,1
46,TKwMzmLqHks,BATB7: Tanner Lawler - Joe 04,7,23666,95,1
47,LleRus4lDSE,BATB7: Gavin Nolan - Joe 05,7,23240,83,4
48,JoU9z3LZFk4,BATB7: Spencer Brown - Joe 06,7,17080,65,0
49,CdajBRTYqM0,BATB7: Cody Cepeda - Joe 02,7,62356,237,4
0,GJx0KHZ-Y1s,BATB8 - Different Perspective,8,38224,1016,14
1,N4WMp2QWJpE,Alex Midler - All Access | BATB8 Finals Night,8,29350,552,19
2,QPvDy2-2SBo,Shane O'neill Vs Sewa Kroetkov - Championship Battle: BATB8,8,631085,6129,245
3,F8ti5F7D3ak,This Is Finals Night - BATB8,8,25917,647,5
4,EExTL3HaQtI,Cody Cepeda Vs Tom Asta - Third Place Battle: BATB8,8,56972,1197,26
5,eFwOTg4jbDg,Shane O'neill Vs Cody Cepeda - Finals: BATB8,8,751221,6247,104
6,l2YtclKTLd0,Sewa Kroetkov Vs Tom Asta - Finals: BATB8,8,256008,2775,42
7,otxZstM1I08,BATB8 - Course Preview with Eric Koston and Steve Berra,8,19699,818,7
8,cyrrsM5Elm0,Shane O'neill - Fight Night: BATB8,8,35080,893,6
9,vC79i3m1tV0,Cody Cepeda - Fight Night: BATB8,8,24793,626,11
10,xioJUwS1Lkc,Tom Asta - Fight Night: BATB8,8,26834,706,2
11,GY74mbtW8Wc,Sewa Kroetkov - Fight Night: BATB8,8,38314,939,7
12,aciXZo7L__I,Shane O'neill - Slow Mo: BATB8,8,105604,2306,12
13,XXF8F5br0Q8,Shane O'neill - BATB8: Final Four,8,45416,973,5
14,XSZ-MCQFpUo,Cody Cepeda - Slow Mo: BATB8,8,42197,1000,29
15,VDXooeA0vdo,Cody Cepeda - BATB8: Final Four,8,25090,653,42
16,XI6i_ifrP-Y,Tom Asta - Slow Mo: BATB8,8,35441,826,4
17,YB7Pentca0E,Tom Asta - BATB8: Final Four,8,18267,538,4
18,JEWCxI3Ktu8,Sewa Kroetkov - Slow Mo: BATB8,8,51643,1064,9
19,xeFWHze_tu0,Sewa Kroetkov - BATB8: Final Four,8,27819,664,1
20,Qck_y2FaP_E,Luan Oliveira Vs Cody Cepeda - BATB8: Round 3,8,1529371,14899,812
21,eD3MGBM47lA,Sewa Kroetkov Vs Matt Berger - BATB8: Round 3,8,126877,1892,16
22,1VqJhx4Mbak,Shane O'neill Vs Will Fyock - BATB8: Round 3,8,524624,5375,43
23,d41HdwIig-M,PJ Ladd Vs Tom Asta - BATB8: Round 3,8,242981,3094,23
24,YRGwaWBiZK0,BATB8 - Round 2 Recap,8,40804,1327,2
25,FkqoDnRZDzY,Chaz Ortiz Vs Matt Berger - BATB8: Round 2,8,199354,2797,60
26,JckLtBh6gQI,Luan Oliveira Vs Morgan Smith - BATB8: Round 2,8,1042733,11312,88
27,b7_UiWSVBGs,Shane O'neill Vs Moose: BATB8 - Round 2,8,232862,3269,31
28,kGLx0am4Qfs,Tom Asta Vs Cyril Jackson: BATB8 - Round 2,8,219371,3484,17
29,D-tXdJFIzjY,Chris Chann Vs Cody Cepeda: BATB8 - Round 2,8,443553,5041,225
30,XmKLJg_ZuLs,Eric Koston Vs PJ Ladd: BATB8 - Round 2,8,356508,3678,37
31,s-zi-EqtFZA,Will Fyock Vs Chris Joslin: BATB8 - Round 2,8,472452,4925,71
32,Q3sD3jwH9FE,Paul Rodriguez Vs Sewa Kroetkov: BATB8 - Round 2,8,541731,5081,90
33,FSm7JN-vhKU,BATB8 - Round 1 Recap,8,70447,1482,3
34,qZfUvwnWULQ,Ishod Wair Vs PJ Ladd: BATB8 - Round 1,8,474511,7078,41
35,E8r9I1KDw24,Cody Cepeda Vs Mike Piwowar: BATB8 - Round 1,8,213982,3707,147
36,Ps_sg26ERso,Sean Malto Vs Matt Berger: BATB8 - Round 1,8,502728,4765,62
37,tN7At4FPicQ,Chris Chann Vs Bastien Salabanzi: BATB8 - Round 1,8,540145,6485,146
38,wf-9iVHaXBo,Tom Asta Vs Shaun Rodriguez: BATB8 - Round 1,8,160551,2781,39
39,gP-_TCuSh50,Shane O'neill Vs Louie Lopez: BATB8 - Round 1,8,422466,4708,44
40,vMM29C7VxQ0,Chaz Ortiz Vs Trent McClung: BATB8 - Round 1,8,315935,3682,29
41,lzZG66DCer0,Andrew Reynolds Vs Cyril Jackson: BATB8 - Round 1,8,444010,4529,51
42,y6kP6yzGWe4,Eric Koston Vs Miles Silvas: BATB8 - Round 1,8,414309,4471,43
43,PQTHWFUfjVk,Chris Joslin Vs Kevin Ramsay: BATB8 - Round 1,8,226181,2726,34
44,-FM7o-WA7U8,Luan Oliveira Vs Trevor McClung: BATB8 - Round 1,8,662148,6785,63
45,AKxHQn994OI,Paul Rodriguez Vs Spencer Brown: BATB8 - Round 1,8,476720,4653,55
46,FxVqx54J3g4,Felipe Gustavo Vs Will Fyock: BATB8 - Round 1,8,345196,4027,64
47,czdJvyWUqxY,Torey Pudwill Vs Sewa Kroetkov: BATB8 - Round 1,8,561185,5072,86
48,lmVAo-PwtRE,Carlos Ribeiro Vs Morgan Smith: BATB8 - Round 1,8,296844,3941,27
49,z_TZo60nCXU,Chris Cole Vs Moose: BATB8 - Round 1,8,617398,6659,69
0,vYze4jKjrYU,BATB9 | Finals Night - DIFFERENT PERSPECTIVE,9,45329,846,21
1,xk-wNkDwIcE,BATB9 | Highlights,9,27726,662,4
2,QhIL10-3VsY,BATB9 | Diego Najera Vs Micky Papa - Championship Battle,9,303632,3934,281
3,bb-4Z72Lyjo,BATB9 | A LITTLE BIT OF ADVICE...,9,21180,451,9
4,gLovSXdyXo8,BATB9 | Youness Amrani Vs Michael Sommer - 3rd Place Battle,9,63804,1554,29
5,AOJy7eR1frQ,BATB9 | Micky Papa Vs Youness Amrani - Finals,9,121348,2210,16
6,g7QGE5pO3sE,BATB9 | Diego Najera Vs Michael Sommer - Finals,9,161968,2670,37
7,HNHYJFpk4P4,BATB9 | ROAD TO FINALS NIGHT - NEW BLOOD,9,29028,432,2
8,ic1O1jRrFZ4,BATB9 | Diego Najera - FIGHT NIGHT,9,50723,904,11
9,gMGsQaCEfnA,BATB9 | Micky Papa - FIGHT NIGHT,9,19655,392,4
10,wYPWK6BtbWc,BATB9 | Youness Amrani - FIGHT NIGHT,9,16028,313,3
11,HHJSRoR8hI4,BATB9 | Michael Sommer - FIGHT NIGHT,9,14801,310,1
12,ocbGeJsrYeY,BATB9 | MICHAEL SOMMER - Slow Mo,9,16500,479,2
13,Q0zz-j55uGQ,BATB9 | Michael Sommer - THE FINAL FOUR,9,10381,261,5
14,SV6jK84Ud1Q,BATB9 | MICKY PAPA - Slow Mo,9,16212,510,3
15,PlL0L4rwl6E,BATB9 | Micky Papa - THE FINAL FOUR,9,12776,438,4
16,D_Tdq96Qmo0,BATB9 | YOUNESS AMRANI - Slow Mo,9,18108,520,5
17,Lt8iHUcJbFQ,BATB9 | Youness Amrani - THE FINAL FOUR,9,15134,374,1
18,3CL-sHKxOhE,BATB9 | DIEGO NAJERA - Slow Mo,9,36807,1008,5
19,kphuEu46ccY,BATB9 | Diego Najera - THE FINAL FOUR,9,25169,682,7
20,fxfnryeEDKY,BATB9 | Mason Silva Vs Youness Amrani - Round 3,9,78084,1510,39
21,-yy-s4JF60Y,BATB9 | Micky Papa Vs Aramis Hudson - Round 3,9,130152,2405,30
22,ljiHvsOcoGk,BATB9 | Eric Koston - Battle Prologue: Youness Amrani Vs Mason Silva - Round 3,9,10491,141,2
23,cPzwBL8PPmg,BATB9 | Kelly Hart - Battle Prologue: Micky Papa Vs Aramis Hudson - Round 3,9,11051,189,3
24,87RCckG5-NA,BATB9 | Diego Najera Vs Denny Pham - Round 3,9,198664,2663,35
25,yBoJLUQRhtM,BATB9 | Walker Ryan Vs Michael Sommer - Round 3,9,72314,1353,20
26,EMbAjTxx25Y,BATB9 | Mikey Taylor - Battle Prologue: Diego Najera Vs Denny Pham - Round 3,9,15253,179,1
27,T0fXoXWPuTY,BATB9 | Eric Koston - Battle Prologue: Walker Ryan Vs Michael Sommer - Round 3,9,13329,188,3
28,Fyee6J4BCss,BATB9 | Bobby Worrest Vs Youness Amrani - Round 2,9,70884,1301,28
29,hmvsokgNUnQ,BATB9 | Denny Pham Vs Nick Matthews - Round 2,9,60503,1086,110
30,ubtLlPVIqaM,BATB9 | Aramis Hudson Vs Blake Carpenter - Round 2,9,100817,1855,28
31,5bzHYfHq9rg,BATB9 | James Craig - Battle Prologue:  Youness Amrani Vs Bobby Worrest - Round 2,9,11599,157,7
32,DLpyd4dYMmI,BATB9 | Kelly Hart - Battle Prologue:  Denny Pham Vs Nick Matthews - Round 2,9,11216,144,2
33,hcVg18TBHog,BATB9 | Kelly Hart - Battle Prologue:  Blake Carpenter Vs Aramis Hudson - Round 2,9,11075,203,5
34,oVPtm6tjeFY,BATB9 | Josh Matthews Vs Diego Najera - Round 2,9,105867,1725,15
35,ygX93EO9xt0,BATB9 | Dashawn Jordan Vs Mason Silva - Round 2,9,90776,2464,22
36,2wgipD6Kj0Y,BATB9 | Kelly Hart - Battle Prologue: Diego Najera Vs Josh Matthews - Round 2,9,18093,225,7
37,eX6U3h2md4k,BATB9 | Mike Mo Capaldi - Battle Prologue: Dashawn Jordan vs. Mason Silva - Round 2,9,14400,230,3
38,L_dzgUjGhts,BATB9 | Chris Colbourn Vs Walker Ryan - Round 2,9,105148,2505,20
39,TuMSnLF-uys,BATB9 | Frankie Heck Vs Michael Sommer - Round 2,9,83515,1540,13
40,XglSQFPyuMA,BATB9 | Micky Papa Vs Brian Peacock - Round 2,9,125947,1722,105
41,y-gRZsQVNWw,BATB9 | Jimmy Carlin - Battle Prologue: Walker Ryan Vs Chris Colbourn - Round 2,9,17540,220,4
42,9UN5cuU3YCg,BATB9 | Trent McClung - Battle Prologue: Frankie Heck Vs Michael Sommer - Round 2,9,12963,164,3
43,5iqTajS4HPw,BATB9 | Eric Koston - Battle Prologue: Brian Peacock Vs Micky Papa - Round 2,9,17527,212,7
44,25uFhefSey0,BATB9 | Alec Majerus Vs Blake Carpenter - Round 1,9,87079,1323,156
45,xWOIOlsJ1MI,BATB9 | Brandon Westgate Vs Nick Matthews - Round 1,9,99626,1260,175
46,ol_81XOB5B0,BATB9 | Shane Heyl - Battle Prologue: Blake Carpenter Vs Alec Majerus - Round 1,9,19152,225,15
47,YpiAVnklV8w,BATB9 | Chris Cole - Battle Prologue: Brandon Westgate Vs Nick Matthews - Round 1,9,20114,272,7
48,RxM2buj6hjM,BATB9 | Josh Matthews Vs Dan Plunkett - Round 1,9,98770,2149,14
49,mlGd2-8t3qY,BATB9 | Bobby De Keyzer Vs Aramis Hudson - Round 1,9,188162,2812,69
0,EekRTP01NW4,BATB: Classic Moment - Koston's Comeback Against Sewa,X,13661,400,11
1,ryb9FULXRPk,BATB X | This Weekend...,X,12705,478,2
2,LQ2lsQyjE5E,BATB X | BATTLETALK: Week 10 - with Mike Mo and Chris Roberts,X,24275,611,24
3,wFUskr7S3nY,BATB: Classic Moment - Cody Cepeda's BATB7 Cinderella Story,X,18875,562,12
4,a23Di-vQSg8,BATB X | PJ Ladd vs. Moose - Round 2,X,214767,7209,69
5,puVFjk025qU,BATB X | Before The Battle: PJ Ladd vs. Moose,X,38004,782,16
6,xMqmfIdBtdU,BATB X | Chris Joslin vs. Tom Asta - Round 2,X,264447,9979,70
7,eEjrcSDbFyE,BATB X | Before The Battle: Chris Joslin vs. Tom Asta,X,38718,995,15
8,c1n9p-S4Yx0,BATB: Classic Moment - Andrew Reynolds & Cyril Jackson,X,19619,422,10
9,4_nuCcvuHOY,BATB: Classic Moment - PJ Ladd Goes Back To Back,X,17259,435,3
10,olJhaX-uxaQ,BATB: Classic Moment - PJ Ladd and Moose's Unforgettable Battle,X,23050,743,5
11,eDpYgSCmg1o,BATB X | BATTLETALK: Week 9 - with Mike Mo and Chris Roberts,X,37184,757,18
12,5pDlL8737Kk,BATB X | This Weekend...,X,13528,354,7
13,ZLFKJdzlJ0s,BATB: Classic Moment - Mike Carroll vs. El Hardflip,X,30405,542,11
14,skN2QeOXlak,BATB X | Chris Cole vs. Nick Tucker - Round 2,X,268946,7162,216
15,g3_Cn1elQ8Q,BATB X | Before The Battle: Chris Cole vs. Nick Tucker,X,35326,920,11
16,KvRJjTsoCqs,BATB X | Will Fyock vs. Morgan Smith - Round 2,X,245732,6717,104
17,pZ3Nkwpv7VA,BATB X | Before The Battle: Will Fyock vs. Morgan Smith,X,42641,931,9
18,VLn3_NQelf0,BATB: Classic Moment - Chris Cole vs. Billy Marks,X,19143,495,7
19,3NTbihjR8P4,BATB: Classic Moment - Chris Chann Beats Chris Cole,X,27390,996,5
20,W7bn_b_ZUjM,BATB X | The Art of War with Paul Rodriguez,X,46138,2077,15
21,5VaEudSNRQk,BATB: Classic Moment - Gnarliest Game Ever,X,28061,562,16
22,ReSGUuxSszc,BATB X | This Weekend... Round 2 Begins,X,10760,177,18
23,T5_5QP5kaqk,BATB X | BATTLETALK: Week 8 - with Mike Mo and Chris Roberts,X,49007,1040,19
24,dYiJzy40GVk,BATB X | Round 1 Recap,X,46917,1550,11
26,6s4qjO1Ql8M,BATB: Classic Moment - Chris Cole vs. Mike Vallely: No Rules,X,25428,771,15
27,z_2PI5VNKOs,BATB X | Paul Rodriguez vs. Chris Colbourn - Round 1,X,354180,10796,221
28,Z05KZA8pbbE,BATB X | Before The Battle: Paul Rodriguez vs. Chris Colbourn,X,39466,964,10
29,DxB-EGpIK6U,BATB X | Luan Oliveira vs. Torey Pudwill - Round 1,X,456283,13290,137
30,uPw2iGGo-R8,BATB X | Before The Battle: Luan Oliveira vs. Torey Pudwill,X,88707,2458,22
31,yvMXWLKs098,BATB: Classic Moment - Luan vs. Torey: Highest Popped Game,X,46753,1393,14
32,1YMYNjsYugU,BATB: Classic Moment - P-Rod's Epic Comeback vs. PJ Ladd,X,27441,640,13
33,fOBZCuKFjjE,BATB X | This Weekend...,X,14992,476,4
35,jXK02YvWrvc,BATB: Classic Moment - Jimmy Goes Streaking,X,18311,564,12
36,OkI9mtFcFCk,BATB X | BATTLETALK: Week 7 - with Mike Mo and Chris Roberts,X,46904,960,34
37,KznlxfbsaC8,BATB X | Chris Joslin vs. Diego Najera - Round 1,X,360342,10221,137
38,qH-1Mw0vNGw,BATB X | Before The Battle: Chris Joslin vs. Diego Najera,X,46887,972,18
39,Fdlo8V8Eczs,BATB X | Chris Cole vs. Dennis Busenitz - Round 1,X,267973,6306,109
40,kxa6VMXcZsw,BATB X | Before The Battle: Chris Cole vs. Dennis Busenitz,X,44890,934,12
41,NSlZUed99IE,BATB X | Unsanctioned Battle: Daniel Lebron vs. Dane Burman & Jake Hayes,X,87701,2364,18
42,FfCthI1_tJU,BATB X | A Battle To Remember with Tom Remillard,X,45592,755,13
43,tOcryhxcbY0,BATB: Classic Moment - Diego Najera Puts On A Clinic,X,25251,625,8
45,k2EiV6v7lxc,BATB X | This Weekend...,X,21830,631,5
47,334r1jmgm1I,BATB X | BATTLETALK: Week 6 - with Mike Mo and Chris Roberts,X,52646,1335,28
48,vH-02npY7OU,BATB X | PJ Ladd vs. The Legion of Doom - Round 1,X,405463,13292,137
49,mRuaFg01eJs,BATB X | Before The Battle: PJ Ladd vs. Billy Marks,X,66504,1175,34
